First Name,Last Name,Phone Number,Email Address
John,Doe,123-456-7890,john.doe@example.com
Jane,Smith,234-567-8901,jane.smith@example.com
Michael,Johnson,345-678-9012,michael.johnson@example.com
Emily,Brown,456-789-0123,emily.brown@example.com
Matthew,Williams,567-890-1234,matthew.williams@example.com
Olivia,Jones,678-901-2345,olivia.jones@example.com
David,Garcia,789-012-3456,david.garcia@example.com
Sophia,Martinez,890-123-4567,sophia.martinez@example.com
Daniel,Anderson,901-234-5678,daniel.anderson@example.com
Grace,Taylor,012-345-6789,grace.taylor@example.com
James,Thomas,123-456-7891,james.thomas@example.com
Mia,Hernandez,234-567-8902,mia.hernandez@example.com
Robert,Moore,345-678-9013,robert.moore@example.com
Isabella,Martin,456-789-0124,isabella.martin@example.com
Christopher,Jackson,567-890-1235,christopher.jackson@example.com
Ava,Lopez,678-901-2346,ava.lopez@example.com
Joshua,Lee,789-012-3457,joshua.lee@example.com
Amelia,Gonzalez,890-123-4568,amelia.gonzalez@example.com
Anthony,Perez,901-234-5679,anthony.perez@example.com
Evelyn,Wilson,012-345-6790,evelyn.wilson@example.com
Alexander,White,123-456-7901,alexander.white@example.com
Charlotte,Harris,234-567-8012,charlotte.harris@example.com
William,Clark,345-678-9123,william.clark@example.com
Ella,Lewis,456-789-0234,ella.lewis@example.com
Elijah,Walker,567-890-1345,elijah.walker@example.com
